{
  "total_shelters": 198,
  "risk_distribution": {
    "低風險": 112,
    "高風險": 80,
    "極高風險": 6
  },
  "factor_statistics": {
    "river_distance": {
      "mean": 6020.376453513601,
      "min": 18.311708084397203,
      "max": 21841.22056606295
    },
    "mean_elevation": {
      "mean": 104.89131697991667,
      "min": 5.557756483978427,
      "max": 1150.6322250639387
    },
    "max_slope": {
      "mean": 26.40134189947687,
      "min": 3.7919130325317383,
      "max": 79.40110778808594
    }
  }
}